ime,tip,Eventi,lokacija,Kontakt mail,Ustanova ima parking,Dopušten ulazak ljubimcima,Ulaz prilagođen osobama s invaliditetom,WC prilagođen osobama s invaliditetom,Logotip,korisnik ustanove
Hrvatsko narodno kazalište,Gradska ustanova,,Trg Republike Hrvatske 15,hnk@hnk.hr,checked,,checked,checked,,Aleksandar Gavrilović
Muzej suvremene umjetnosti ,Gradska ustanova,"Picelj i prijatelji,Zbirka kao glagol,Kino na rubu,""Antisezona, blok u studenom, """"Koreokon""""""","Avenija Dubrovnik 17, 10000 Zagreb ",media@msu.hr ,checked,,checked,checked,msu-dvojezicni-logo.png (https://v5.airtableusercontent.com/v3/u/35/35/1732312800000/bA0Mvn3AbTOQtOABIW04Eg/oGBgkyOwN8Meyy6OKx4kJ8hTHTQd6nCxCKF9npmKMIAz8jXDka5jiANlBWinI0Q2hIgaIBcG1HqibJjtyr19Ol3KAmu35qKFG1JmTqN1n3-ZEV5_Mogu-x2GCGIo1wGB4nWWz8kVFxQWnm2geAfDq6xoCgUGGCQ1YsNT_-NkpKs/vtUbmk85fPEiifCrVbXR8KRzPzByjeXs8mdS2CeLNjU),
Hrvatski prirodoslovni muzej,Gradska ustanova,,Demetrova 1,branimir.ivic@hpm.hr,,,checked,checked,HPM_znak.png (https://v5.airtableusercontent.com/v3/u/35/35/1732312800000/n2ffrY_MBQAe-omnj6mHMw/rsAAOSS_2pf32DdQ1ZzHPtKLEGrmB7c1oHrVlXscd0YpJ2f-b23k0K5b85VmWqg01oz6HdxwwCQIcwU7DyunwS-uxrob3-brvvlyMhbEW-XZaOeCniS-RGd-g9kp6gXV5mCVLxNPMlCDCI_fNX_8_9_pAsOTFL9HUBMGmgq1Kpo/gybPA2NDd-TwEaJ4E-PIDSWbLjnscPXgKY4tXytSDjs),
Muzej Prigorja,Gradska ustanova,,"Trg Dragutina Domjanića 5, 10360 Sesvete",info@muzejprigorja.hr,checked,checked,,,mp-zlatni.jpg (https://v5.airtableusercontent.com/v3/u/35/35/1732312800000/HNZbqyt3cqpVaS4gFO1FqA/fi2D5Cl1RPP_7tsgvlnoPOqdLEtojVgVigugxFAoDY_SDZN1puKTKRWzQXpmEdWNyvv5ZJkOvOqrA0X5-p0fvseNA5alTIns-ZPcyn8dBnFmUQ0ti9zm3Jp3INjPLznZ8O4lVIK47VY35jNLUKqt62re6N3qTYhruSx9-jhUz84/BHGzlIFt_yy_KCLmhccaMoeR8a8jJjC_SHYgx9e2edQ),
CENTAR ZA LIKOVNI ODGOJ GRADA ZAGREBA,Gradska ustanova,,"ROKOV PERIVOJ 4, 10 000 ZAGREB",info@czlogz.hr,,,,,logo Centra.docx (https://v5.airtableusercontent.com/v3/u/35/35/1732312800000/2PPLDX49nLAL840nv-kw5Q/Y5GfOYrcfBySXHaAKnHA8sZ9CuDJrLNpCK4hoq7iLqs4eP1P6KhSPKMfDMuMP5z51Qy7QGp52GoiUcLSpVdxiy1Hq4o3fd5nyp8hmUq0nxjfC52uH9gBeXRTAUfUiFGlsobtwnR6b-oSTyyMDl1aK7BLmjWyY18Ar5iR0I1ZUW8/l6XUXcBM6kWtAecsndoEiIUpmMzR_crsPlgHjvKp-3M),
Tehnički muzej Nikola Tesla,Gradska ustanova,"Porodica,rad",Savska cesta 18,info@tmnt.hr,,,checked,checked,TMNT.pdf (https://v5.airtableusercontent.com/v3/u/35/35/1732312800000/6NUKy9qyZx1x4wkuc0-00g/A-DM4umSbvVJLbBuRe3yjfGTtRA2c5fph58h7P37NGhbNbvLgtRXe75DamcRdhDwhk7NeYGC0l9qWkv81MVeX8bce9zwTGz7ESjd9PY4cu3fpie8-H1KfS4b--fsQoZmXPpvoN396cwciKV0PCSY6A/XN8mta8fIsMhqrt_BCH0aGXFwZhMpAqlHfoG4rZ_maA),
Muzej suvremene umjetnosti,Gradska ustanova,,Avenija Dubrovnik 17,msu@msu.hr,checked,,checked,checked,LOGO MSU.pdf (https://v5.airtableusercontent.com/v3/u/35/35/1732312800000/6iCFJ90vJYJMU3bTQrkTOw/aD9yh8d6LcXh9-Fmhi4Fkq2A4LepyNnhAtO6cj-m-8gOkIA6Up4CD4rSRdFhfC1uueGHR2lWh6RN0Kh5VmoUbG08PQHlci6UCuDJIrJos7tVZ90VWBoc-lDH_2YDnr5tSNMwPSAn317lnDruy1g8RetdEf9pbKYF4DIk_dBaCRM/DXS4dD26Byvv3TXDCwCMEhznXSHi0S-3fRbHt0WYDDA),
Muzej za umjetnost i obrt,Gradska ustanova,,Trg Republike Hrvatske 10,uprava@muo.hr,,,,,MUO_logo_cisti – manji.jpg (https://v5.airtableusercontent.com/v3/u/35/35/1732312800000/uhfpglmL_jRO27xh1Ugq2w/e0nf1mYljS7wLi6jy82yOBonL-9mBFeOIDucstqIv1bMC96HuyU0EkfCSlz9BaeE1g7f49QFEs5uUSR5xl9qAgOSlUlfqTVKADicOqsUIbW2h96Tgk8jHdoIFfkVxWY83iIaC_h_bTv7GUmI4pvcp9cjQ_YfyTGBE4AQIxn4w80/cvCwVdGZB4XjdgvxuLFGUT0TxEf8Lse8eJ8IGh_HNH0),
HRVATSKO NARODNO KAZALIŠTE U ZAGREBU,Drugo,,TRG REPUBLIKE HRVATSKE 15,miro.marketing@hnk.hr,,,checked,,HNK LOGO.pdf (https://v5.airtableusercontent.com/v3/u/35/35/1732312800000/KRO34lZ6N8EjBuvvC2FotA/XFmFFgMZsizCsdvUGjdzxOU8G9_l4Lu25HFhCA6nJlFhJw7hiCljEQoVR1Jy4SUPd_veR0ifZkMIhU8yVclOgWPDaTr4w4TKWyGpOBy_khiBEcJu122ynN9Nt_uMn-q3sAEwoxUFw_3Ulz5A7JMk9nhByB0NmPt3_bCnLjoexvg/5Nt98UXzR6wDorAMSfJG50FPpDBpGKgzskPoh5G6QEo),
Gradsko dramsko kazalište Gavella,Gradska ustanova,"Prosjacka,Medeja,Sokol,Sokol,Sokol","Frankopanska 10, 10 000 Zagreb",niko.babajko@gavella.hr,,,checked,checked,gavella-logotip-cc-03-orginal.png (https://v5.airtableusercontent.com/v3/u/35/35/1732312800000/GBIHJXdZGmQZRPr66cLeZQ/w9h_WSIhoUTsQJuJj0xRhTK9Wkq1Ktluo7bWrelDOGF8mvd9xPx79Jz5VTXBbBrZZEJb8y5LN_iasJWT1AU5g3AHKdOjl7xSqi3S_MBtRZSG0-L2TjS1vhefUX8TAYQYRSfkXLwbO4J83JRSd2LUVHzO2hvRuyQDxzIUc7EODpU8kNoxJKmlyxdSmngeg_Jy/f28zqC_DmBRk-ldng5OqEUIvCV3OhjxMvLTElejXeHM),
Zagrebačka filharmonija,"Gradska ustanova,Korisnik koji koristi prostorije gradskih ustanova","STEPHEN KOVACEVICH,""DAWID RUNTZ dirigent 
RADOVAN VLATKOVIĆ rog "",""IVAN REPUŠIĆ dirigent 
SIMON TRPČESKI klavir "",MAESTRO I ORKESTAR,BOŽIĆ KOD ZIMOGROZNIH,SAM U KUĆI,FILHARMONIJSKI BAL  ",Trg Stjepana Radića 4,ivan.lozic@zgf.hr,checked,,checked,checked,logo zf.pdf (https://v5.airtableusercontent.com/v3/u/35/35/1732312800000/FD7o9VIqPc4pZUsY7K3yhQ/bJpsh17HYZpvy-61O9gKWcgS4ePZzDID_Lvs7KIdzQUobmp1aVe7axP1yCifvEV2MUbWUb42UBA3X1mCyxxEk5RyeYitgzIRmVBZ1dRl6aLXe0AGawGc0ha1UuAUWuVqYTNzqqj4bOxY0flmk_thSkpUko3DPK98W5Pf9t5_aWA/sn-CHaqrQ2EsZIAGlPnBMjVfSg8A8yBSGGKOX6obaPc),
Galerija Klovićevi dvori,,"Mara Bratoš / Fotografije,Ideal i stvarnost / Prvo zlatno doba mađarskog slikarstva i začeci hrvatske moderne umjetnosti,Atelijeri Žitnjak / Od periferije do centra,Zlatno doba nizozemskog slikarstva,Artionica / Kreativne radionice za djecu Galerije Klovićevi dvori,Artionica / Likovne radionice za odrasle Galerije Klovićevi dvori","Jezuitski trg 4, Zagreb",info@gkd.hr,,,checked,checked,logoklovic-01.jpg (https://v5.airtableusercontent.com/v3/u/35/35/1732312800000/-5NOewcxQgKCwpDOHueokA/qH6fQutvOms2qX-SDtOVShKy1YMnoT1usNeeWb0czf66HGY2Ic_ETwdbUxDni_SRr27Y-TDZq1nBMiaFhwrXxOks6YnQlhTNwTq4ejTa4O2hzkIBQgSSeGl0xKAkUwI-fRoOQ21SVjzeUOp6DDTZ3Sa5WNxRzFzrqxXL3a_iETc/zQaBoR3oyhKtnpum3I5eNSm2_R6GGYtUhsuPfYqqD7M),
Gradsko kazalište Trešnja,Gradska ustanova,"Šegrt Hlapić,Šegrt Hlapić,Jež,Jež,Maša,Maša,Smogovci",Mošćenička 1,tresnjatresnjevka@gmail.com,,,checked,,glavni_logo_boja.png (https://v5.airtableusercontent.com/v3/u/35/35/1732312800000/pu1rJr3Gln193q5DhirbPQ/mYEDpEViG8NiUak2rnrRpvpCT9Tkr9lIzaMOz8l2QCFYcDyGEzOewFVUihsbqsNMwQu8KvMzKWrQsWrbcZxeTghQ67HNj97-bHTd1ev0sDgHnoqDxI4fk64g5AdwvzEYIePBW3aj0qtiNoqpIbVr9CuJO0m9EasTiDJhLgnD-jw/WMQ5rlUisIwtRGYHxpp8KZaUMZxcG_pgDRVsR2SOO6Y),
Centar za kulturu Novi Zagreb,Gradska ustanova,"Ružno pače,Izložba u Galeriji Vladimir Bužančić,Čudo na smetlištu,Trio NEO,Čudo na smetlištu,Koncert klasične glazbe,Jazz Point Novi Zagreb,Koncer klasične glazbe",Trg Narodne Zaštite 2,marketing@czk-novi-zagreb.hr,checked,,,,czknzg-plavi.png (https://v5.airtableusercontent.com/v3/u/35/35/1732312800000/6KkbUviN4PoaYXpdchN3Bw/OFg4K7gddYADw2B6AVn8bZJtVMhpw4P-g5Rox-0T1UtcogJ2UhG_rJYiykklqMjRmFtCCovmd__WInfluZnZLI8pM54eVTfJAiEEo6HAdpx8rqPW3g9IP33mgG0jCSAGvkosTn70FDwRMr5Hqe96HudCXL7DCdWtXfzPMPg_g_c/n2gF8X_UswwES6-LM2-Rym1yNzHNJIO8MmrMcUFLAdA),
Knjižnice grada Zagreba,,"NEUSTRAŠIVA mrtaFORA 2025.,Orašar,Menadžer hodočasnik,Medina priča,Zmaj . čuvar priča,""Slijedimo slike, pričamo priče"",Pripovijedanje uz slike,""Dobro jutro svijete, ja sam sretno dijete"",Božićna izložba,Noć na Zemlji,Bookmarkeri,Pričaonica s likovnom radionicom,Pričaonica s likovnom radionicom,Pričaonica s likovnom radionicom,Pričaonica s likovnom radionicom,Pričaonica s likovnom radionicom,Biciklopopravljaonica,Prav za prav,Preporučili,Recikliranje,Čitateljski klub,Dječji književni klub,Radionica pripovijedanja,Kristina Hell,Kunić,Slike dječje,Dom za starije,Grimizno crvena,NEON,Putopisi djetinjstva,Žabac 1,Čestitke,Preporuke roditelja,Čitateljski klub,Izložba DHKP,LUA '09,Pričaonica,Pričaonica,Mentalno zdravlje,Božić,Susret,Čitateljski klub,Čitam i kuham,Pisci, Potočna priča,Ples i poezija,Istraži knjižnicu ,Slikosat,HZJZ,Noć cirkusa,Festival Grafoskopa u knjižnici,Čitateljski klub,Priče za razbuđivanje,Marijana Čanak u Zagorki,Čitateljski klub Knjigoholičari,Knjigostaj,Šar planina i Korab,Šar planina i Korab,Cyberbulling out,Oxford English Kids,Putopisno predavanje,""BookBate u """"M2"""""",Kreativni utorak,Igraonica za bebe,Pudercuker,Priče,Tisja,Stihobasna,Kreativna 1,Pas,Susret 1,Susret 2,Rosie,izložba,Ovca,Lego,Psihologija,Izložba Grgura Akrapa,Snježna kraljica,Fragmentiranje kvarta,Mirna Rul,Minijature,Stripaonica,Plesno-likovna radionica,Radionice fotografije,Sunčana Tuskar,Nataša Ozmec,Uključi s(v)e,Uključi s(v)e,Čit -Čet,Božić u srcu ",Starčevićev trg 6,maticna.sluzba@kgz.hr,,,checked,checked,kgz_znak.jpg (https://v5.airtableusercontent.com/v3/u/35/35/1732312800000/0MCHbFzbPaXluQhF2Qdhpg/y1ZBx8QmP2jdLnts0Tzgxg8ILh_OeAMoJJhERrIQUEoGLOdIiiOj2TAQRAl3rQH5cHA7Yess0zPdyL5p1s3j558G1w0SMAE9rHhlNsnwUwLfKUTOkzo_pb3S8L3tmPWQhZDBaW9fLu_u6Wq1Y0D6XTJV3JmGV_crXboUgOwQjDs/RpN62uhBUgCujqM90W7YIeytE-yfaz_CVNcl3OnqEh8),
Centar za kulturu i obrazovanje Susedgrad,Gradska ustanova,"Freud 1,Mreža 1,Bjelobradi 1,Gorica 1,Gospel 1,Advent, Kako najefikasnije usporiti proces starenja,Galerija Idealni grad","Argentinska 5, 10090 Zagreb",info@czkio-susedgrad.hr,,,checked,checked,LOGO-CZKIO.png (https://v5.airtableusercontent.com/v3/u/35/35/1732312800000/qSeePZkxW736yuRSE87YPA/KtOWaHNSSLoeFZ5qao1g8vJoy6UAlk6_7U2Mi_4xD7IoB4oC0H7VKE7AYP-sO8nSOoEljD0ME_bG9osTyjAsVFopnFlkLCyzGRR2_jpwPgY-RuVqcmoZDiJZVo6EVr5kT7OXbzwerZL6zkocDnEkNZR4SJjfdEdqjfnuQzV3dy4/1wyWxp-w2YfsmgZuVi6Z0uVJOFg2rO1kchNTEVMuDuA),
"Hrvatski školski muzej, galerija ""ŠKOLICA ZA 5""",Gradska ustanova,"""""""Lekcije iz prošlosti""""""","HEBRANGOVA 5, (službena adresa Trg Republike Hrvatske 4)",mbracic@hsmuzej.hr,checked,checked,,,logo_hsm_pozitiv-01.jpg (https://v5.airtableusercontent.com/v3/u/35/35/1732312800000/qrbMg60dERIjN1cNWrXsSQ/m-Xoa_7zsVbeywezmrt83sxH7JGj_hdQqXTK67n1oDFhW4kKrZsJD7UIukAkaV49st__4WMJQ70YRI0l1BOfUnPeFEBnjHmfg6oHWX-EdosQih6GR0R64Ln18x7eZuMI0nZKvwAanolGn6aD-6cVgGRCd25pSwmC_D62f9nkL20/cTpVrYJ6oFS0doDyMHxsCbcqsnboYu5w9iH4uahGbQY),
Gradsko satiričko kazalište Kerempuh,Gradska ustanova,"Škrtac,Smrt 1,Sokrat 1,Sokrat 2,Polovica 1,Predsjednici&ca,Orient Express 1,Orient Express 2,Smrt 2,Gruntovčani,Pljuska 1,Djevojka 1,Sokrat 3,Ime 1,Ime 2,Ime 3,Ime 4,Sokrat 4,Polovica 2,Predsjednici&ca 2,Ime 5,""Sub, ned i pon"",Djevojka 2,Ime 6,Orient Express 3,Orient Express 4",Prolaz Fadila Hadžića 3,sonja.stanicic@kazalistekerempuh.hr,,,checked,checked,Logo.png (https://v5.airtableusercontent.com/v3/u/35/35/1732312800000/Ns67Z0afv3UxWSIZu3w1hA/_AhBm1aCPuipcTW2v8Fpv8D0XMbNaWAPkNShkp_8VW5t8x1hIHW-l1A3yM7kf414oFVRZtIFIC7Vm8R8sLivqSKrJmmRFIl2c_PBqVtP_l4P1bIZRXjvRjqDjupMVUZuypopOZYe8cY_QrrUmOMuFQ/4SD0MmsZ-5egBLoyibWg890Uvyck_9VO-c1oRaisqAA),
Centar za kulturno-društveni razvoj Novi prostori kulture,Gradska ustanova,,"Savska cesta 28, 10 000 Zagreb",info@noviprostorikulture.hr,,,,,UNIVERSAL profile pic.jpg (https://v5.airtableusercontent.com/v3/u/35/35/1732312800000/2mu8tWigYBg1inshJSeibQ/B4apLKRpysUKIOW7WgzXzkPP7TvkYFOgwgZIbmYKh77v9ftIteDqcxidXb1Ye7lGiHXETTP1hh4C5jUviw02g0v4Ip8z3sHgpJU0x75A4Hg7xK-5P0CKUdWKToeRFLNtqJ-D4KZWxavaln9MDUYPi81SZCNO-oZyDqMEjKulGJE/ODoRzAd2MTy0cwn51wIS43zCAkNGYoISUWFYBavnITQ),
POGON – ZAGREBAČKI CENTAR ZA NEZAVISNU KULTURU I MLADE,Gradska ustanova,"Izložba Ide Loher,Devčić M1,NOVAci1","Kneza Mislava 11, 10 000 Zagreb",pr@pogon.hr,,checked,,,pogon_hr_rgb.png (https://v5.airtableusercontent.com/v3/u/35/35/1732312800000/lrWI0Qgv-feVQvpQSBWNLw/Zs9FS8eooRNBnK4AXc1wCRSZiinqN2wQNF7giDqUskiWd6tM_IGEMdvYANAbXEP7jlrS-_udMGjkFplrRzb83zT-cwGsPWU4B_kCB_y4__FIwM8YY6wRfMb4zFLWdyxE7At5Q8wxo3Ap0YaFzj0meuyXtypz9BWOuFiiRC3O6eY/HRsoEZa1npS7gKQF9tBYvabkrh0c-OAKDdxvrl4qPzI),
Umjetnički paviljon u Zagrebu,Gradska ustanova,,Trg kralja Tomislava 22,info@umjetnicki-paviljon.hr,,checked,checked,checked,logo paviljona copy.jpg (https://v5.airtableusercontent.com/v3/u/35/35/1732312800000/dZwr8qpRyGeJwj04jrTkBg/CJ0slGFHvS5ozn_06k86u1aw1bmvRIm_Y1CIhugBWuxvvcP_oALWq6JkG_4OWuXl5ESGb1jxWPgFBmWuXsRgzp3xsxI03VQkKSnuses3Sv8DVusHsouavdxKYpNDchV3uAUcrrqwrlARP-6btvN9ODQfTAO-In3oWEtZl-VimTU/EUpfy3-k6nCcBR4TIvpYQe8c8DZbziYQHGA120JJVCo),
Zagrebačko kazalište lutaka,Gradska ustanova,Plavi jež,Baruna Trenka 3 (ulaz za publiku),prodaja@zkl.hr,,,checked,,ZKLlogo_uboji.pdf (https://v5.airtableusercontent.com/v3/u/35/35/1732312800000/-TofYRQWiSkml4GFdu5ltw/5RGs6ZvI1PX8mP_J6kgf-VBOA1WZB0X784YqfS04TKMRvMVNgLXqiwnXEckFKam2Qs82gOIRb6FPIJr7uqTizqJ0ko1hNvt8fmtwH6Aqy900oghTbElwp6r8nzprZp5A2DrTeWPtiO2dgILhD_OZh9MNynZKtaNJuI8yDsJVbcA/noID1IVVCbVcEbEBb32h0f9485GdIDtGbiiwYh0BsiM),
Gradsko kazalište Žar ptica,Gradska ustanova,"Bornin vremeplov,Heidi,Božićna želja,Princeza,Božićna želja",Bijenička cesta 97,marketing@zar-ptica.hr,checked,,checked,,FB_profilna_2.jpg (https://v5.airtableusercontent.com/v3/u/35/35/1732312800000/31vxyy3gQR15KdGjnbPgKw/rKREbYL_OtX-XLlfA9GR8E7VghctPy34nUvFBJaZOQPNq3bdFVMzL-u0HJy1UvTeboSVVAs1OQE5c-TvnChY8wtGOtgLBGn7VmvkGJuuqGUoEoHOBDxBj-wmvd_UO33fZQf-SF1JeAMsZYPIw7TPnEeFp7C_yBRE72h83qBCYDc/v0EdCnbFtKDRA7aABFAvGcglw06exgBGIfXihtB8yWM),
Kulturni centar Travno,Gradska ustanova,"Mamutići,Likovna,Strip,Gitara,Baština,Avantura,Lud,darmar","Božidara Magovca 17, 10010 Zagreb",kuc@kuctravno.hr,checked,checked,checked,,KUC_Travno_logo_tekst-mali-ekran.jpg (https://v5.airtableusercontent.com/v3/u/35/35/1732312800000/PDJt7pGzt1zErdY6MU7SAQ/O6RPN3QFE-rct8UyeDsJ5JWoIsSfatxii87ZCZvSMhg81wGs7F3qJ92lwEpyLM_pI3s3E-5wj3So_PdxO7cndHwSWeZwKY7oOQYAVyCouNX_N9riCCqWVXTIZUlboI95U-d8NBzUk_5r3DjZ-ZTPRApM5ekOGolLnBBCZ6pN189tbzs3Ivnly-c252-1S0rp/tT96xITNeHYKk27UYIutDc6nX2U7-dYFILsPFKaKBT0),
Narodno sveučilište Dubrava,Gradska ustanova,"Audiatur,Mozart & Papandopulo,Metamorfoze,Bulat,Hamlet,Davorin Radić,Boris Golub,Ljiljana Zovak,Noć kazališta 2024.,KinoKVART Dubrava,""KinoKVART Dubrava,"",Dan po dan,KinoKVART Dubrava,KinoKVART Dubrava,KinoKVART Dubrava,KinoKVART Dubrava,KinoKVART Dubrava,KinoKVART Dubrava,KinoKVART Dubrava,Dan po dan,Moruzgva,Film,Sedlar 25.11 NSD,Prijatelji,Peća i vuk,Plesnjak,Povuci-potegni,Tradicija 1,Nina Romić,Zbor i Gelato,radionice nsd prosinac,Zorja,""Dome, slatki dome"",Solisti,Ususret,Admir Šećkanović,Pinokio,PSB",Cerska 1,ns-dubrava@ns-dubrava.hr,,,checked,checked,IMG_8871.JPG (https://v5.airtableusercontent.com/v3/u/35/35/1732312800000/35XlpYZ6nWlz8CU3b66SyA/Q1cj8uXeXbzDTvq9bbA3OjuTViv6s4GZtcn45LNvIzmwX-56SmnscwcI0X1vU1udt4m3rRiIWKJ9QqGn8pq5ZNxLW_YfinjmNjVNIdIViGgE8poQ8BwBj4UtF_h1NMGTEy0xz3R73IkwKr8qRsK55pUNy0-h5ANC2mZ938zHq8A/aV-rUPA1hEP0ohPLTV9LD_XOCt_OqB_EApG8yU5urlY),
CENTAR KULTURE NA PEŠČENICI/CENTAR KNAP,"Gradska ustanova,Drugo","Galerija DOGAĐANJA- izložba,Galerija DOGAĐANJA-izložba,MMV",Ivanićgradska 41 a,tajnistvo@knap.hr,checked,checked,checked,checked,knap logoooooo.png (https://v5.airtableusercontent.com/v3/u/35/35/1732312800000/Juh1TKXYDbn-VkRfo4MfoA/tZ8SAQpc0gilamwAYpast12QzBxQ0U2v5gdlIO1wpT64OAXW9ieunF-m6OGw6m8iqgHfuJvIDI9n0e9KzNcA8mzAJ5ASGKoMov7qNTS7GSwr9PeVb_AKArff8lBRiHCkxq8WWVDLX1ur1KpOOS2twBpYvkZOzVcx9EUrPSzTkQc/LysqTS0aYQHvF72dOYDM9jNBdM17E_1wph8_w1IZb18),
Centar za kulturu i informacije Maksimir,Gradska ustanova,"Zagreb Jazz klub ,Koncert Dua Intense,Skupna izložba ","Lavoslava Švarca 18, 10000 Zagreb, Hrvatska",natalija.hrastic@ckim.hr,checked,checked,checked,checked,logo ckm novo-01.png (https://v5.airtableusercontent.com/v3/u/35/35/1732312800000/rSlUQVCqlMTl3Rh5ZRrvJA/qBkw_t1yD9zfI-cbw7xmnDC6SPF2E8dTVcAm8dt2-dGsm6WjEI-UJ-w-SULNEmuJeVeequ9fTr3jAmk7Mkzp9jOFnXdeXIz_Y6jP2xa9qeunucoGNR2CebP4uDH05nvnlUh_mpiUQR4fdt_KZsl_WUObZhHiq8nVWpUMc3Xp8_A/mwfJsERNrzRSvf4G1UXwgQTHLwz3pGNhRk0VJtpmDcg),
"Knjižnice grada Zagreba - Knjižnica ""M2""",Gradska ustanova,,Medveščak 71,djecja.knjiznica.m2@kgz.hr,,checked,,,kgz logo.jpg (https://v5.airtableusercontent.com/v3/u/35/35/1732312800000/0QUSw3c95pK0vxPjxVB92A/yPlGtDDyxWeG1AsNl9T23CtGXEdzoUdAwsPG3Yv5rYtc5PN_CBhxPUgyCY4ev5LmdhjyNrD6w_AEUDOFklN3OO51IxInljgnyCXrFjo3DrvOyTkEr5JFTbDK5uglA53GC9Zt7z5OqwkQuoVHzNwBqC9OXVsXOeinv7vaB645FNU/GN7pgmBFF_lTf_Kx7kWotUjxFUOf4d46-hJ7YQjQ1IY),
Arheološki muzej u Zagrebu,Gradska ustanova,"Izložba Prva Naselja,Izložba Pretpovjesni jantar,Izložba Bestiarium u Ninu",Trg Nikole Šubića Zrinskog 19,dmaracic@asmz.hr,,,,checked,"AMZ-logotip-1-negativ-20180124.png (https://v5.airtableusercontent.com/v3/u/35/35/1732312800000/ShoBq_nj-sbl8cfsOJSlxA/8IKLNKZ5uTnjn0SLjCWfiMkn8171I7MlzZRkW0xrgpBbsjBrVzQt5FYFmM60FT9y5NDogxwoKjiYav9WjpBoMDwTFc2RdWdJxpDGPjlXRhQ3BfcoGnebm8vPDm8X7p0S7vxcqhPSb30nYOrF4hjvA2Lgrlxgi6HU_V4N35hQdHR89Oi8pgA4cp20P5CYSb4m/961Tknd2_KnqUIJwXhVDqqA2ckbC-6ahdP25oOvtm2E),AMZ-logotip-1-pozitiv-20180124.png (https://v5.airtableusercontent.com/v3/u/35/35/1732312800000/8c63IfuoiaFw85k2wQPJcQ/CczQat1l-UdwgBMjGABspp8sB5nTh0UpWkAH8tdsX4ecLMvp7D2Eruq_5CS55XpthOcv9hq_ttGMSO4-_wXfdYF8RVLbvOob67omiHnDnnicGdTAoFVI5rsIlf-2TxSeR8-eNuxervwZQTBMaQWsJyv9U292sCYxcRkFUjwlgM1ciYxiWQ53rsuBCCTRPEmE/mxvUDvKA3NBq9Mf039zl2xVpn0OGtgeNaLjQnN64EgU),AMZ-logotip-2-negativ-20180124.png (https://v5.airtableusercontent.com/v3/u/35/35/1732312800000/LEwrYPDVTMxRiy4jbvfG-Q/QU7KoI2_YEtvAti2CTSt0cZ54itc-2WIxVy81C267HS-WOFUkkF73RQPZGo4UrKyByjR_AZW3onN4nsOrmCaMujU5BpkxQSQhY7DjeGm7MpFmiTpfCcxqrl_enJgu_UP-5vIn8TLYmtXKR0pxPjr6HnMWVaEjn_ik3uYDTOrI5f7gXiqpH_icqyQWQmzmXwZ/IzOfrBM_u8T1KoBWO_0TuCRac2Z7Yz6WEnEnTwBGz-E),AMZ-logotip-2-pozitiv-20180124.png (https://v5.airtableusercontent.com/v3/u/35/35/1732312800000/22KDVsSj1Y_15SYFxwh3Bw/pRLLA2w4JfA8Ha3IULxo9Z40hTnRv8VlOIsaCgfQSiQI_pZT71DRLZNz9SLVtWlmZaxZ-1bfqYko1ZDjieSYAyF6ztjmIUb_G24e_cTUqcDcxdQ10NinJaWt8_4ehQF8gASs0kxQL9Jm4M4NLLMWkHNe7JcP1o2YBt9yyLEwUqJuYtEXtdwWdcznopr3o9Z4/XsgubYXbb5B-KhyQsnfOuh-D1EgllZqfWPRxyhgMojM),AMZ-znak-1-negativ-20180124.png (https://v5.airtableusercontent.com/v3/u/35/35/1732312800000/kkYGMS7iwzxWamPeAAruSg/AdSQyrcmpbThqhZyhP-ipfv9vq55sLbrc5UtxeqpILrZ1rv8_h6HmTPHFEOFu50_lNna7bFAoaS-wDKWw6Y-dQXEDsYXLk6iqo6RphcABPOa9mM-zI27RbdiMhZP66ufBRzjactcAj3qz2k4a6_rvti61LIS08mUSPbfbj-LMTekXaZ7uLiSgQnIrxjuX3M5/vMYFiCRyxM8rtm-tuNrIV2p79MtdiXB62KbSlYIFM2E),AMZ-znak-1-pozitiv-20180124.png (https://v5.airtableusercontent.com/v3/u/35/35/1732312800000/pnh7qYoHQo-AoOTsSkZx9Q/6qPeHDoPTfKx7LdQsMnS21yaUGFa-IGLdqa0TaKRnLcFl26gLmT07QC1ePlS_xaKEAb0tHLkApWIsRwz0AxQ0S1hL1_WB7obxs4ouhXBqQ0qA1ojJdA6uL9q0DVBR8jF9bTxO4Kr2t4tu7pMFckeDpcZJCffThe6DZXQd9Fd7qzayVuDhQGrJcdDWr7T3C7T/SfhEYSU6C-LzDQ8RJS_TCtcTRmMBwBI1T2ZpnPgUqxQ)",
Muzej grada Zagreba,Gradska ustanova,"Radionice izrade paprenjaka ,Radionice ukrašavanja staklenih kuglica ,""Radionice """"Jaslice pod zvijezdama"""" "",""otvorenje izložbe """"Jaslice pod zvijezdama"""""",Adventski koncerti Zagrebačkih solista","Opatička 20, 10 000 Zagreb",mgz@mgz.hr,,checked,checked,checked,Muzej Grada Zagreba logo.pdf (https://v5.airtableusercontent.com/v3/u/35/35/1732312800000/yr1JgFneMcv_5WWuyAr5UQ/6udEFGOY0B6hZJj8n5_NtmOVccEUy-4CoglTBAzmhhkkGGKKIwPXOhTBh3l0TNN7FHlWqpuXqkG5QJSd3qhXX6ZRfLuJUWXbQLT8NeaanLC4YrWVUSJj_9kRSjTM9QSTvnbniv8IaZRPHLM5gyWoAwQv2LdRmNyQK7IcSOVIkTc/RDzjPGKwsVzYrBAIHKDK6ITqATxsKGf_yxu25kwWHY4),
Muzej grada Zagreba,Gradska ustanova,,"Opatička 20, 10 000 Zagreb",mgz@mgz.hr,,checked,checked,checked,Muzej Grada Zagreba logo.pdf (https://v5.airtableusercontent.com/v3/u/35/35/1732312800000/yr1JgFneMcv_5WWuyAr5UQ/6udEFGOY0B6hZJj8n5_NtmOVccEUy-4CoglTBAzmhhkkGGKKIwPXOhTBh3l0TNN7FHlWqpuXqkG5QJSd3qhXX6ZRfLuJUWXbQLT8NeaanLC4YrWVUSJj_9kRSjTM9QSTvnbniv8IaZRPHLM5gyWoAwQv2LdRmNyQK7IcSOVIkTc/RDzjPGKwsVzYrBAIHKDK6ITqATxsKGf_yxu25kwWHY4),
Centar za kulturu Trešnjevka,,"Putnička klasa,UPSET,Šumi,ZeGeBOOM!,Gorica,Sv.Nikola,sv.nikola",Park Stara Trešnjevka 1,cekate.marketing@gmail.com,,,checked,,logo.png (https://v5.airtableusercontent.com/v3/u/35/35/1732312800000/NPb9_r-Y9sz5ovwWKD3IMw/v-Xs7P0Zmt5X-tcW463ruqZ8ES0ThMXZBMp26CgbyRSDbtwSO8nLtFIbSgCIhfe8mQ41TZqE_EJxfa5V2B9WQh6jfIRaqjarxlZav1vCGl9KgxWlOKnUIDwUgjVQ2UqtX6PLivXO7U0PVIUFuFdM9A/u8Rj3ue4iDyykhuM8Vyjkk7qMR3oCdxo0nXfTJtDmS8),
Koncertna dvorana Vatroslava Lisinskog,Gradska ustanova,,Trg Stjepana Radića 4,marketing@lisinski.hr,,,checked,checked,Lisinski logo-01.jpg (https://v5.airtableusercontent.com/v3/u/35/35/1732312800000/qHT9VS_ca0m3XzOhy7RmSg/vdm7mBvqUJOGv2ucK76tTviUrsTgGcT1Qiu6a5hQhzsebSZY1kM2M_2cOhr6-qcc4QoKO2ubJxppSRKzgvA9jA567hLQSxOzEzlp1hAQIN7mhIP9iK348-Fe7TDKMXo75qVFI9BLSjL5DBs_1xhIG5FpDjWBAqwskxBD6pkXgfE/oVlk9zKyB30h6OEiG7c7kNJppQOJttfCL3bxbsNg7FM),
Centar mladih Ribnjak,,Keramika,Park Ribnjak 1,valentina.milkovic@cmr.hr,,checked,,checked,"cmr logo.png (https://v5.airtableusercontent.com/v3/u/35/35/1732312800000/zHSHjtispBIKjt9Dx0YwxQ/9-cv2ABtTux9RerRfzyd44zPeXWzoYgx24AhwMnCUFtp0lCGa_-WRupcoz7FvavBEktvgamqP9D9qHM60w4GXfzAEkf8qV-qYPjKzUv7f3nM-feKQoxQwV4920K5yB4JPXNyCh_-nciSVnMVStLmYPjhLO5o5L8tij3ALOHaA3Q/WcK8rXakEMwn268DS_cq_iG-0r_XGhCAGYSjc64cnZE),logo-scena-ribnjak.png (https://v5.airtableusercontent.com/v3/u/35/35/1732312800000/kiPLN--y8rV6AzgcfWbKew/1eHQND-uEHz9ag3FFridxjlfw6iNVtJBg8tVJFDT6I4PbYUubRHNK1bbFtdpClWIYgMlGXEVmsKUcQ7TARa_Za5EPx0EyLNH6wpvK0swknUSY1PEdbihwHWwcasddiYI8G9QszO-LqnqbMPIRyS5UWIW-xse9toHkDYXx8j_Gjs/bzlUycmj65bAXkKhpA5D7MJmqO-w0YH00Fp2oyv1VxU)",